ttft_s,e2e_s,tpot_s,output_tokens,status,segment_idx,label
0.20104360580444336,5.318066596984863,0.04029151961559386,128,successful,0,baseline
0.30113983154296875,5.305812120437622,0.03940686841649333,128,successful,0,baseline
0.28257012367248535,5.385390520095825,0.0401796881608137,128,successful,0,baseline
0.2676706314086914,5.287367343902588,0.03952517096451887,128,successful,0,baseline
0.20280027389526367,5.1190550327301025,0.038710667392400304,128,successful,0,baseline
0.1704704761505127,5.235740661621094,0.039884017208429774,128,successful,0,baseline
0.18001890182495117,5.192209959030151,0.03946607131657638,128,successful,0,baseline
0.13527584075927734,5.298684120178223,0.04065675810566099,128,successful,0,baseline
0.16223502159118652,5.178298234939575,0.039496560735026685,128,successful,0,baseline
0.15560126304626465,5.012881517410278,0.03824630121546468,128,successful,0,baseline
0.17596173286437988,5.304290294647217,0.04038053985655777,128,successful,0,baseline
0.21094918251037598,5.225916385650635,0.03948793073338786,128,successful,0,baseline
0.15338635444641113,5.370125770568848,0.041076688315924696,128,successful,0,baseline
0.2949647903442383,5.390405893325806,0.04012158348804384,128,successful,0,baseline
0.3335306644439697,5.44324254989624,0.04023395185395488,128,successful,0,baseline
0.17775821685791016,5.3121442794799805,0.04042823671355961,128,successful,0,baseline
0.21281838417053223,5.4083123207092285,0.04090940107510784,128,successful,0,baseline
0.24992156028747559,5.310520887374878,0.039847238795963795,128,successful,0,baseline
0.2353229522705078,5.206049680709839,0.03913958053889237,128,successful,0,baseline
0.19646406173706055,5.224104404449463,0.039587719233955924,128,successful,0,baseline
0.1841726303100586,5.124668598175049,0.03890154305405504,128,successful,0,baseline
0.19185090065002441,5.403602123260498,0.04103741120165727,128,successful,0,baseline
0.236863374710083,5.306847333908081,0.03992113353699211,128,successful,0,baseline
0.2482447624206543,5.485467433929443,0.04123797379140779,128,successful,0,baseline
0.09084367752075195,5.127411842346191,0.039658017045869604,128,successful,0,baseline
0.20209217071533203,5.194019079208374,0.03930651109049639,128,successful,0,baseline
0.18944168090820312,5.333598852157593,0.04050517457676685,128,successful,0,baseline
0.22188282012939453,5.326115369796753,0.04019080747769573,128,successful,0,baseline
0.22199726104736328,5.385262489318848,0.040655631718673105,128,successful,0,baseline
0.13986492156982422,5.127835035324097,0.039275355226411596,128,successful,0,baseline
0.13932442665100098,5.3490681648254395,0.041021604237594,128,successful,0,baseline
0.18508696556091309,5.139859437942505,0.0390139564754456,128,successful,0,baseline
0.16994881629943848,5.079602003097534,0.038658686510221224,128,successful,0,baseline
0.16206574440002441,5.151885271072388,0.039289917532853255,128,successful,0,baseline
0.1814568042755127,7.496733665466309,0.057600605206226736,128,successful,1,burst
0.31712985038757324,9.727026462554932,0.074093674111554,128,successful,1,burst
0.33173704147338867,11.029700517654419,0.0842359328833152,128,successful,1,burst
0.3491199016571045,12.479789018630981,0.09551707966121163,128,successful,1,burst
0.4745655059814453,13.700928449630737,0.10414459010747475,128,successful,1,burst
0.4367361068725586,14.383283138275146,0.10981533095592588,128,successful,1,burst
0.46053504943847656,15.030101776123047,0.11472099784791,128,successful,1,burst
0.6458516120910645,15.394522428512573,0.1161312662710355,128,successful,1,burst
0.5903260707855225,15.55152177810669,0.11780469060882809,128,successful,1,burst
0.43933629989624023,15.550442457199097,0.11898508785277839,128,successful,1,burst
0.5723028182983398,15.70953106880188,0.11919077362601213,128,successful,1,burst
0.7967932224273682,16.022226333618164,0.1198853000881165,128,successful,1,burst
2.01798677444458,17.305723667144775,0.12037588104488343,128,successful,1,burst
2.8148181438446045,18.062022924423218,0.12005673055573711,128,successful,1,burst
3.4072306156158447,18.717690467834473,0.12055480198597344,128,successful,1,burst
3.821997880935669,19.216689825057983,0.12121804680411272,128,successful,1,burst
4.0048017501831055,19.309352159500122,0.12050827093950407,128,successful,1,burst
3.923414707183838,19.053571224212646,0.1191350906852662,128,successful,1,burst
4.141052722930908,19.563549995422363,0.12143698639757051,128,successful,1,burst
4.357181787490845,19.63133406639099,0.12026891558189091,128,successful,1,burst
5.692490100860596,20.972130298614502,0.12031212754136934,128,successful,1,burst
6.400421857833862,21.76933717727661,0.12101508125545472,128,successful,1,burst
7.0696187019348145,22.285972833633423,0.11981381206061896,128,successful,1,burst
7.54092264175415,22.94771122932434,0.12131329596511961,128,successful,1,burst
7.546677112579346,22.802006244659424,0.12012070182740218,128,successful,1,burst
7.45119309425354,22.731170892715454,0.12031478581466074,128,successful,1,burst
7.97325587272644,23.22750735282898,0.12011221637876016,128,successful,1,burst
7.874612331390381,23.24064826965332,0.1209924089627003,128,successful,1,burst
9.395150184631348,24.577253580093384,0.11954412122411052,128,successful,1,burst
10.130862951278687,25.32491898536682,0.11963823648888296,128,successful,1,burst
10.689497470855713,25.97802972793579,0.12038214375653605,128,successful,1,burst
11.254172563552856,26.688406705856323,0.1215294026953029,128,successful,1,burst
11.212432146072388,26.539146661758423,0.12068279146209476,128,successful,1,burst
11.083745002746582,26.389380931854248,0.12051681833943044,128,successful,1,burst
0.13877129554748535,6.101889133453369,0.046953683763038455,128,successful,1,burst
11.537161111831665,26.827203512191772,0.12039403464850479,128,successful,1,burst
0.23606181144714355,6.852022886276245,0.05209418169156773,128,successful,1,burst
11.61887264251709,26.927727222442627,0.12054216204665777,128,successful,1,burst
12.883159637451172,28.247733116149902,0.12098089353306087,128,successful,1,burst
0.22298622131347656,5.683027982711792,0.04299245481415996,128,successful,1,burst
13.734176874160767,29.116867542266846,0.1211235485677644,128,successful,1,burst
14.255751848220825,29.627389192581177,0.12103651452252245,128,successful,1,burst
15.00337028503418,30.113877058029175,0.11898036829129917,128,successful,1,burst
0.2831089496612549,6.780336856842041,0.05115927485969123,128,successful,1,burst
14.932716846466064,30.188159465789795,0.1201215954277459,128,successful,1,burst
0.18440532684326172,5.316284894943237,0.04040850053622028,128,successful,2,baseline
0.3384559154510498,5.314703464508057,0.03918305156737801,128,successful,2,baseline
0.23758864402770996,5.26765775680542,0.0396068434076985,128,successful,2,baseline
0.17787528038024902,5.323969841003418,0.040520429611206055,128,successful,2,baseline
0.11658453941345215,5.274393081665039,0.04061266568702037,128,successful,2,baseline
0.23430562019348145,5.377527713775635,0.040497811760489395,128,successful,2,baseline
0.26387524604797363,5.396698713302612,0.04041593281302865,128,successful,2,baseline
0.2573416233062744,5.261345386505127,0.03940160443463663,128,successful,2,baseline
0.30400633811950684,5.36793851852417,0.03987348173546979,128,successful,2,baseline
0.1668848991394043,5.31865930557251,0.04056515280655989,128,successful,2,baseline
0.11135101318359375,5.078977823257446,0.03911517173286498,128,successful,2,baseline
0.21479034423828125,5.4673011302948,0.04135835264611432,128,successful,2,baseline
0.1275162696838379,5.166198253631592,0.0396746612909272,128,successful,2,baseline
0.22495698928833008,5.432966232299805,0.04100794679536594,128,successful,2,baseline
0.21114611625671387,5.256725311279297,0.039728970039547895,128,successful,2,baseline
0.22388339042663574,5.4953203201293945,0.041507377399234324,128,successful,2,baseline
0.1829242706298828,5.37959098815918,0.040918635571096824,128,successful,2,baseline
0.17016100883483887,5.194277048110962,0.03955996881319782,128,successful,2,baseline
0.31630396842956543,5.34804892539978,0.03962003903126153,128,successful,2,baseline
0.2134406566619873,5.312582015991211,0.040150719364797034,128,successful,2,baseline
0.22766923904418945,5.089592456817627,0.03828285998246801,128,successful,2,baseline
0.23160696029663086,5.410014390945435,0.040774861658652,128,successful,2,baseline
0.11550307273864746,5.166043281555176,0.03976803314028762,128,successful,2,baseline
0.24443840980529785,5.37843656539917,0.04042518232751081,128,successful,2,baseline
0.2554805278778076,5.332538366317749,0.039976833373542846,128,successful,2,baseline
0.22720026969909668,5.287731409072876,0.03984670188483291,128,successful,2,baseline
0.218170166015625,5.16885232925415,0.03898174931683878,128,successful,2,baseline
0.05345869064331055,5.25029993057251,0.04092000976322204,128,successful,2,baseline
0.27167344093322754,5.3944666385650635,0.0403369543120617,128,successful,2,baseline
0.12280964851379395,5.212066411972046,0.04007288790124608,128,successful,2,baseline
0.21126031875610352,5.277406692504883,0.03989091632873055,128,successful,2,baseline
0.18381977081298828,5.255515813827515,0.039934614511925405,128,successful,2,baseline
0.12042737007141113,5.051384925842285,0.03882643744701476,128,successful,2,baseline
0.08405375480651855,5.231972932815552,0.04053479667723648,128,successful,2,baseline
0.2676365375518799,7.1712870597839355,0.05435945293096107,128,successful,3,burst
0.1532588005065918,5.181901693344116,0.039595613329429326,128,successful,3,burst
0.24742746353149414,8.640654802322388,0.06608840424244798,128,successful,3,burst
0.2836441993713379,9.679487228393555,0.0739830159765529,128,successful,3,burst
0.11264586448669434,6.218927621841431,0.04808095871932863,128,successful,3,burst
0.341524600982666,10.491987466812134,0.07992490445535014,128,successful,3,burst
0.2667653560638428,6.531715631484985,0.04933031712930033,128,successful,3,burst
0.49458980560302734,11.008380889892578,0.08278575656920906,128,successful,3,burst
0.3966662883758545,10.934453248977661,0.08297470047717959,128,successful,3,burst
0.29500603675842285,6.261020183563232,0.04697648934491976,128,successful,3,burst
0.42186856269836426,11.649975061416626,0.08841028739148238,128,successful,3,burst
0.42139196395874023,11.871086359024048,0.09015507397689218,128,successful,3,burst
0.29726719856262207,5.6945483684539795,0.04249827692827841,128,successful,3,burst
0.44468188285827637,12.355812311172485,0.09378842856940323,128,successful,3,burst
0.3947758674621582,13.069345712661743,0.09979976256062666,128,successful,3,burst
0.4325249195098877,13.46487045288086,0.10261689396355096,128,successful,3,burst
0.4754760265350342,14.285892724990845,0.1087434385705182,128,successful,3,burst
0.1477949619293213,6.363888740539551,0.048945620304017556,128,successful,3,burst
0.5016601085662842,14.667594194412231,0.11154278807752714,128,successful,3,burst
0.2695434093475342,6.931376934051514,0.052455382084283304,128,successful,3,burst
0.5032014846801758,14.6730375289917,0.11157351215993326,128,successful,3,burst
0.5089092254638672,14.3657705783844,0.1091091445111853,128,successful,3,burst
0.5110478401184082,14.216470956802368,0.1079167174542044,128,successful,3,burst
0.597722053527832,13.97143268585205,0.10530480812853715,128,successful,3,burst
0.251619815826416,7.377898216247559,0.05611242834977278,128,successful,3,burst
0.15232038497924805,7.219485521316528,0.0556469695774589,128,successful,3,burst
0.5611753463745117,13.431059837341309,0.10133767315721888,128,successful,3,burst
0.3029181957244873,6.885770082473755,0.05183347942322258,128,successful,3,burst
0.6275651454925537,13.114751100540161,0.09832429885864258,128,successful,3,burst
0.6106696128845215,12.566521406173706,0.09414056530148965,128,successful,3,burst
0.17091059684753418,5.165992498397827,0.03933135355551412,128,successful,3,burst
0.5166223049163818,12.89977216720581,0.09750511702590102,128,successful,3,burst
0.42404627799987793,13.177459001541138,0.10042057262630913,128,successful,3,burst
0.3785977363586426,13.266976594924927,0.10148329809894711,128,successful,3,burst
0.22188043594360352,6.275453567504883,0.04766593016977385,128,successful,3,burst
0.5832407474517822,13.315718173980713,0.10025572776794434,128,successful,3,burst
0.40102362632751465,13.08545970916748,0.09987744947118084,128,successful,3,burst
0.2704775333404541,7.130244493484497,0.05401391307200034,128,successful,3,burst
0.4555368423461914,13.309208631515503,0.10121001408794733,128,successful,3,burst
0.3662228584289551,6.766540050506592,0.05039619836281604,128,successful,3,burst
0.5265755653381348,13.208996295928955,0.09986158055583323,128,successful,3,burst
0.5977721214294434,12.915290832519531,0.09698833630779596,128,successful,3,burst
0.1334517002105713,6.078924179077148,0.04681474392808328,128,successful,3,burst
0.3466019630432129,12.58757758140564,0.09638563479025533,128,successful,3,burst
0.26677370071411133,6.241491794586182,0.0470450243611974,128,successful,3,burst
0.5165364742279053,13.039872407913208,0.0986089443597268,128,successful,3,burst
0.5837280750274658,13.237101316452026,0.09963286016869732,128,successful,3,burst
0.4894599914550781,13.116243839263916,0.09942349486463652,128,successful,3,burst
0.2513697147369385,5.403401136398315,0.04056717654851478,128,successful,3,burst
0.47210264205932617,14.059070348739624,0.10698399769039604,128,successful,3,burst
0.5372819900512695,14.469712495803833,0.10970417721065011,128,successful,3,burst
0.5640103816986084,14.906001329421997,0.11292906258049912,128,successful,3,burst
0.641254186630249,15.270865440368652,0.11519378939951498,128,successful,3,burst
0.5115938186645508,15.113554239273071,0.1149760663040041,128,successful,3,burst
0.1947948932647705,5.180434942245483,0.039257008259690654,128,successful,4,baseline
0.24602818489074707,5.395889520645142,0.040550089257908616,128,successful,4,baseline
0.2421886920928955,5.458935260772705,0.04107674463527409,128,successful,4,baseline
0.2039506435394287,5.282222509384155,0.039986392644446665,128,successful,4,baseline
0.16308927536010742,5.123842000961304,0.03906104508347399,128,successful,4,baseline
0.2343893051147461,5.065609693527222,0.038041105420570674,128,successful,4,baseline
0.20848488807678223,5.422353744506836,0.04105408548370121,128,successful,4,baseline
0.13345813751220703,5.25208306312561,0.040304133272546484,128,successful,4,baseline
0.24211430549621582,5.218554258346558,0.03918456655787671,128,successful,4,baseline
0.2782595157623291,5.114237546920776,0.03807856717447596,128,successful,4,baseline
0.24670171737670898,5.283970594406128,0.039663534464798575,128,successful,4,baseline
0.16336464881896973,5.312791585922241,0.04054666879608875,128,successful,4,baseline
0.13924670219421387,5.206932306289673,0.039903036252720146,128,successful,4,baseline
0.17710542678833008,5.386838436126709,0.041021519758569915,128,successful,4,baseline
0.22992205619812012,5.388496398925781,0.04061869561202883,128,successful,4,baseline
0.13257050514221191,4.988036632537842,0.038232016751146694,128,successful,4,baseline
0.21152567863464355,5.2716991901397705,0.0398438859173632,128,successful,4,baseline
0.08522844314575195,5.16539740562439,0.04000133041321762,128,successful,4,baseline
0.14730286598205566,5.215473413467407,0.039906854704609064,128,successful,4,baseline
0.2327134609222412,5.241043567657471,0.03943567013177346,128,successful,4,baseline
0.22342133522033691,5.270507097244263,0.039740832771841934,128,successful,4,baseline
0.1992015838623047,5.451993227005005,0.04136056411923386,128,successful,4,baseline
0.09073019027709961,4.993465900421143,0.038604218190110576,128,successful,4,baseline
0.22821283340454102,5.3005125522613525,0.039939367865014265,128,successful,4,baseline
0.16532111167907715,5.127284288406372,0.03907057619470311,128,successful,4,baseline
0.1269512176513672,5.356796026229858,0.041179880382507805,128,successful,4,baseline
0.2809302806854248,5.346763610839844,0.03988845141853873,128,successful,4,baseline
0.22913384437561035,5.0036375522613525,0.037594517384927105,128,successful,4,baseline
0.14787888526916504,5.3358728885650635,0.04085034648264487,128,successful,4,baseline
0.12020635604858398,5.274773836135864,0.04058714551249827,128,successful,4,baseline
0.1560373306274414,5.2313337326049805,0.039962963795098734,128,successful,4,baseline
0.24630165100097656,5.253045082092285,0.03942317662276621,128,successful,4,baseline
0.1385641098022461,5.132039785385132,0.03931870610695186,128,successful,4,baseline
0.2975802421569824,8.282047510147095,0.06286982100779616,128,successful,5,burst
0.23361921310424805,10.200475931167603,0.07847918675640436,128,successful,5,burst
0.30320262908935547,12.0337655544281,0.09236663720739169,128,successful,5,burst
0.27786755561828613,13.405537128448486,0.1033674769514189,128,successful,5,burst
0.4196791648864746,14.348790645599365,0.10967804315521962,128,successful,5,burst
0.5764250755310059,15.030592203140259,0.11381233958747443,128,successful,5,burst
0.4369072914123535,15.167025804519653,0.11598518514257716,128,successful,5,burst
0.508812665939331,15.491371631622314,0.1179729052415983,128,successful,5,burst
0.5198273658752441,15.631460905075073,0.11898924046614039,128,successful,5,burst
0.5602915287017822,15.622660636901855,0.1186013315606305,128,successful,5,burst
1.5428073406219482,16.961918354034424,0.12141032294025571,128,successful,5,burst
2.850001573562622,18.073704957962036,0.11987168019212137,128,successful,5,burst
3.8086276054382324,18.98275065422058,0.11948128384867991,128,successful,5,burst
4.537789583206177,19.833117961883545,0.12043565652501864,128,successful,5,burst
4.57647705078125,19.824069499969482,0.12005978306447428,128,successful,5,burst
5.037643671035767,20.2807719707489,0.12002463228120579,128,successful,5,burst
5.155368804931641,20.296303033828735,0.11921995455824484,128,successful,5,burst
5.06128191947937,20.18728995323181,0.11910242546261765,128,successful,5,burst
6.456434488296509,21.73516821861267,0.12030499000248947,128,successful,5,burst
7.545496940612793,22.857181072235107,0.12056444198127807,128,successful,5,burst
8.354589223861694,23.55591130256653,0.11969544943862075,128,successful,5,burst
9.32100534439087,24.608733654022217,0.12037581346166415,128,successful,5,burst
9.25254225730896,24.53481650352478,0.12033286808043953,128,successful,5,burst
9.762053489685059,25.254181623458862,0.12198526089585672,128,successful,5,burst
9.750178575515747,25.046711206436157,0.12044513882614497,128,successful,5,burst
9.61747694015503,24.712918996810913,0.11886174847760539,128,successful,5,burst
0.20790672302246094,6.507724761962891,0.04960486644834984,128,successful,5,burst
11.16176986694336,26.520461797714233,0.12093458213205413,128,successful,5,burst
0.11747527122497559,6.304095983505249,0.0487135489155927,128,successful,5,burst
12.287269830703735,27.68361473083496,0.12123106220575768,128,successful,5,burst
12.932417869567871,28.22884488105774,0.12044430717708558,128,successful,5,burst
14.019477367401123,29.231688737869263,0.11978119189344992,128,successful,5,burst
0.2395181655883789,5.439672470092773,0.04094609688586137,128,successful,5,burst
14.009340763092041,29.14187002182007,0.11915377369077187,128,successful,5,burst
14.588962316513062,29.952955722808838,0.12097632603382501,128,successful,5,burst
14.476959228515625,29.804458379745483,0.1206889696947233,128,successful,5,burst
14.124954462051392,29.547011852264404,0.12143352275758278,128,successful,5,burst
0.22512125968933105,5.876700401306152,0.044500623162337175,128,successful,5,burst
16.060710906982422,31.389561653137207,0.12069961217444712,128,successful,5,burst
17.18852925300598,32.37380647659302,0.11956911199674831,128,successful,5,burst
0.3122749328613281,7.476149797439575,0.05640846350061612,128,successful,5,burst
17.637779474258423,33.04683566093445,0.12133115107618918,128,successful,5,burst
0.3062310218811035,7.426250696182251,0.05606314704174132,128,successful,5,burst
0.28003811836242676,6.967225074768066,0.052655015404768815,128,successful,5,burst
18.57377052307129,33.828774213790894,0.12011813929700475,128,successful,5,burst
18.646634340286255,34.06841230392456,0.12143132254833311,128,successful,5,burst
19.38726305961609,34.64467453956604,0.12013709826732245,128,successful,5,burst
16.43812847137451,31.78235650062561,0.12082069314370944,128,successful,5,burst
0.13537120819091797,5.237988471984863,0.04017808869129091,128,successful,6,baseline
0.20684170722961426,5.265161514282227,0.03982928981931191,128,successful,6,baseline
0.09216451644897461,5.203498840332031,0.04024672695970911,128,successful,6,baseline
0.21608519554138184,5.365133047103882,0.04054368387057087,128,successful,6,baseline
0.17604923248291016,5.2127721309661865,0.03965923542112816,128,successful,6,baseline
0.2045884132385254,5.260357856750488,0.03980920821662963,128,successful,6,baseline
0.24106097221374512,5.36065149307251,0.040311736384714685,128,successful,6,baseline
0.19573354721069336,5.231500625610352,0.039651709278737464,128,successful,6,baseline
0.1669754981994629,5.225456476211548,0.03983055888198492,128,successful,6,baseline
0.2805931568145752,5.3859333992004395,0.04019952946760523,128,successful,6,baseline
0.29849934577941895,5.450520277023315,0.040567093946802336,128,successful,6,baseline
0.2932472229003906,5.364550352096558,0.039931520702332024,128,successful,6,baseline
0.15475153923034668,5.141806602478027,0.03926815010431245,128,successful,6,baseline
0.13668465614318848,5.19579005241394,0.03983547556118702,128,successful,6,baseline
0.15138959884643555,5.143656969070435,0.03930919189152755,128,successful,6,baseline
0.10655045509338379,5.3386430740356445,0.04119757967671071,128,successful,6,baseline
0.15913629531860352,5.089356899261475,0.038820634676715524,128,successful,6,baseline
0.22984600067138672,5.248363018035889,0.039515882026492144,128,successful,6,baseline
0.24407291412353516,5.391483306884766,0.040530790494182914,128,successful,6,baseline
0.17513704299926758,5.131746768951416,0.039028423038993294,128,successful,6,baseline
0.08543062210083008,5.151094675064087,0.03988711852726974,128,successful,6,baseline
0.16691994667053223,5.317698240280151,0.04055730939850094,128,successful,6,baseline
0.14348626136779785,5.252129793167114,0.04022553962046706,128,successful,6,baseline
0.16573500633239746,5.459203243255615,0.041680852259237934,128,successful,6,baseline
0.21207642555236816,5.293748617172241,0.040013166863148604,128,successful,6,baseline
0.19453167915344238,5.179718971252441,0.03925344324487401,128,successful,6,baseline
0.1344010829925537,5.104478120803833,0.039134464864655744,128,successful,6,baseline
0.21704435348510742,5.228843450546265,0.039462985016229586,128,successful,6,baseline
0.21840238571166992,5.4505345821380615,0.041197891310444025,128,successful,6,baseline
0.23653483390808105,5.266710042953491,0.039607678811381185,128,successful,6,baseline
0.23314595222473145,5.171015739440918,0.038880864466269184,128,successful,6,baseline
0.25654149055480957,7.003515243530273,0.05312577758248397,128,successful,7,burst
0.05576801300048828,5.475902557373047,0.04267822475883904,128,successful,7,burst
0.25781726837158203,7.885113954544067,0.06005745422183059,128,successful,7,burst
0.34159064292907715,7.9455883502960205,0.059873997695802705,128,successful,7,burst
0.3094048500061035,7.711595296859741,0.05828496414845384,128,successful,7,burst
0.31149959564208984,7.706257581710815,0.05822644083518681,128,successful,7,burst
0.286837100982666,8.320648908615112,0.06325836069001926,128,successful,7,burst
0.28278303146362305,8.711562633514404,0.0663683433232345,128,successful,7,burst
0.3991222381591797,7.587705135345459,0.05660301493847464,128,successful,7,burst
0.3064396381378174,7.699869632720947,0.05821598420931599,128,successful,7,burst
0.381422758102417,7.826971530914307,0.0586263682898574,128,successful,7,burst
0.3278334140777588,7.4201765060424805,0.05584522119657261,128,successful,7,burst
0.2558441162109375,9.725396394729614,0.07456340376786359,128,successful,7,burst
0.1196444034576416,5.505380868911743,0.04240737374373308,128,successful,7,burst
0.31661105155944824,10.278531074523926,0.07844031514145258,128,successful,7,burst
0.38977932929992676,11.051206827163696,0.08394824801467535,128,successful,7,burst
0.23561596870422363,5.453453540802002,0.04108533521336833,128,successful,7,burst
0.3282139301300049,11.378430604934692,0.08700958011657234,128,successful,7,burst
0.40924715995788574,12.404781341552734,0.09445302505192794,128,successful,7,burst
0.5531802177429199,12.808622121810913,0.09649954255171649,128,successful,7,burst
0.2502131462097168,6.190289497375488,0.04677225473358875,128,successful,7,burst
0.5543804168701172,12.978846073150635,0.09783043823842927,128,successful,7,burst
0.41750001907348633,12.831307649612427,0.09774651677589717,128,successful,7,burst
0.18822360038757324,6.846312761306763,0.052425898904875506,128,successful,7,burst
0.5894019603729248,13.050231695175171,0.09811676956537202,128,successful,7,burst
0.5442945957183838,12.903571605682373,0.09731714181074007,128,successful,7,burst
0.31049656867980957,7.663194179534912,0.05789525677838663,128,successful,7,burst
0.4807724952697754,11.939029693603516,0.09022249762467512,128,successful,7,burst
0.3806586265563965,11.281144618988037,0.08583059836560347,128,successful,7,burst
0.30043554306030273,8.015151500701904,0.06074579494205985,128,successful,7,burst
0.6346859931945801,10.635286331176758,0.07874488455104077,128,successful,7,burst
0.3462538719177246,8.302894592285156,0.06265071433360182,128,successful,7,burst
0.5179829597473145,9.84792947769165,0.07346414581058532,128,successful,7,burst
0.4423487186431885,8.946417093276978,0.06696116830420307,128,successful,7,burst
0.25763535499572754,8.461344957351685,0.06459613860122801,128,successful,7,burst
0.47533464431762695,8.19103193283081,0.06075352195679672,128,successful,7,burst
0.31101489067077637,8.649411916732788,0.06565666949655127,128,successful,7,burst
0.42743897438049316,8.9892258644104,0.06741564480338509,128,successful,7,burst
0.3657817840576172,8.799073696136475,0.06640387332345557,128,successful,7,burst
0.3049900531768799,8.153215646743774,0.061797051917849566,128,successful,7,burst
0.29392027854919434,8.429630756378174,0.06406071242385024,128,successful,7,burst
0.2425987720489502,8.265448570251465,0.06317204565513791,128,successful,7,burst
0.3828449249267578,8.335893630981445,0.06262243075633613,128,successful,7,burst
0.3702821731567383,8.267272233963013,0.062181024100836806,128,successful,7,burst
0.27404093742370605,8.270323991775513,0.06296285869568352,128,successful,7,burst
0.3865323066711426,7.841232538223267,0.058698427020095464,128,successful,7,burst
0.35888028144836426,8.387548685073853,0.06321786144586998,128,successful,7,burst
0.3159799575805664,7.362346172332764,0.05548319854135588,128,successful,7,burst
0.355541467666626,9.57003903388977,0.07255509894663893,128,successful,7,burst
0.33910107612609863,9.679170370101929,0.07354385270847111,128,successful,7,burst
0.20712637901306152,7.098352432250977,0.05426162246644028,128,successful,7,burst
0.33387112617492676,9.455188274383545,0.0718213948677844,128,successful,7,burst
0.3960306644439697,7.526370286941528,0.05614440647635873,128,successful,7,burst
0.4130513668060303,9.249983549118042,0.06958214316781111,128,successful,7,burst
0.322141170501709,7.96049165725708,0.06014449202169583,128,successful,7,burst
0.4445059299468994,9.485962390899658,0.07119257055868314,128,successful,7,burst
0.4129152297973633,7.732536315917969,0.05763481170173705,128,successful,7,burst
